fran,2,Attack on Titan
fran,3,Death Note
fran,5,Demon Slayer
fran,4,Fullmetal Alchemist
fran,6,Jujutsu Kaisen
fran,1,Naruto
Sebastián,2,Attack on Titan
Sebastián,3,Death Note
Sebastián,4,Fullmetal Alchemist
fran,52991,Sousou no Frieren
fran,5114,Fullmetal Alchemist: Brotherhood
fran,9253,Steins;Gate
fran,60022,One Piece Fan Letter
fran,38524,Shingeki no Kyojin Season 3 Part 2
fran,28977,Gintama°
fran,39486,Gintama: The Final
fran,11061,Hunter x Hunter (2011)
fran,9969,Gintama'
fran,15417,Gintama': Enchousen
fran,820,Ginga Eiyuu Densetsu
fran,43608,Kaguya-sama wa Kokurasetai: Ultra Romantic
Diego,52991,Sousou no Frieren
Diego,5114,Fullmetal Alchemist: Brotherhood
Diego,9253,Steins;Gate
Diego,60022,One Piece Fan Letter
Diego,38524,Shingeki no Kyojin Season 3 Part 2
Diego,28977,Gintama°
Diego,11061,Hunter x Hunter (2011)
Diego,15417,Gintama': Enchousen
Diego,41467,Bleach: Sennen Kessen-hen
Diego,43608,Kaguya-sama wa Kokurasetai: Ultra Romantic
Diego,42938,Fruits Basket: The Final
Diego,4181,Clannad: After Story
Diego,918,Gintama
Diego,28851,Koe no Katachi
Diego,35180,3-gatsu no Lion 2nd Season
Diego,2904,Code Geass: Hangyaku no Lelouch R2
Diego,15335,Gintama Movie 2: Kanketsu-hen - Yorozuya yo Eien Nare
Diego,37491,Gintama. Shirogane no Tamashii-hen - Kouhan-sen
Diego,19,Monster
Diego,54492,Kusuriya no Hitorigoto
Diego,51535,Shingeki no Kyojin: The Final Season - Kanketsu-hen
juan,52991,Sousou no Frieren
juan,5114,Fullmetal Alchemist: Brotherhood
juan,9253,Steins;Gate
juan,60022,One Piece Fan Letter
s,52991,Sousou no Frieren
s,9253,Steins;Gate
s,38524,Shingeki no Kyojin Season 3 Part 2
s,39486,Gintama: The Final
s,9969,Gintama'
s,820,Ginga Eiyuu Densetsu
s,34096,Gintama.
s,42938,Fruits Basket: The Final
s,918,Gintama
s,35180,3-gatsu no Lion 2nd Season
s,15335,Gintama Movie 2: Kanketsu-hen - Yorozuya yo Eien Nare
s,19,Monster
s,51535,Shingeki no Kyojin: The Final Season - Kanketsu-hen
fran,34572,Black Clover
fran,14513,Magi: The Labyrinth of Magic
fran,39468,Honzuki no Gekokujou: Shisho ni Naru Tame ni wa Shudan wo Erandeiraremasen
fran,19369,Outbreak Company
fran,55848,Isekai Suicide Squad
fran,59828,Shoushimin Series 2nd Season
fran,30767,Wonder 3 Pilot
fran,19235,"Dance, Dance, Dance"
fran,38049,Roku no Sekai
fran,1215,Kidou Senshi Gundam SEED C.E. 73: Stargazer
fran,2025,Darker than Black: Kuro no Keiyakusha
fran,1604,Katekyou Hitman Reborn!
fran,39196,Mairimashita! Iruma-kun
fran,34566,Boruto: Naruto Next Generations
fran,392,Yuu☆Yuu☆Hakusho
fran,245,Great Teacher Onizuka
fran,32951,Rokudenashi Majutsu Koushi to Akashic Records
fran,59459,Silent Witch: Chinmoku no Majo no Kakushigoto
fran,60092,"Taka no Tsume Gaiden ""Himitsu Kyuusha: Uma no Hizume - Grand Prix"""
fran,28101,Obatalian
fran,38045,"""Calpis"" Hakkou Monogatari"
fran,596,Chobits: Chibits
fran,1078,Cardcaptor Sakura: Kero-chan ni Omakase!
fran,60275,Boukyaku Battery (TV) 2nd Season
fran,30093,Ball yo Doko e Yuku
fran,46453,Shouwei Mayi Cun
